ticker,name,category,class,expense_ratio,price,low_52w,high_52w,ma_200,return_5y,volatility,max_drawdown,pe,pe_10y_avg,yield,rsi,as_of
VOO,Vanguard S&P 500 ETF,US large cap blend,eq,0.03,710.79,580.93,714.95,660.68,13.3,14.9,-24.5,25.0,,1.04,57.0,2026-09-25
IVV,iShares Core S&P 500 ETF,US large cap blend,eq,0.03,774.83,634.93,781.47,721.61,13.3,15.0,-24.5,24.9,,1.06,56.0,2026-09-25
SPY,State Street SPDR S&P 500 ETF Trust,US large cap blend,eq,0.09,771.35,631.97,777.88,718.45,13.3,15.3,-24.5,24.9,,0.98,56.0,2026-09-25
VTI,Vanguard Morningstar Total Stock Market ETF,US total market,eq,0.03,379.77,311.68,384.3,354.42,12.1,15.5,-25.4,24.4,,1.03,55.0,2026-09-25
QQQ,Invesco QQQ Trust,US growth (Nasdaq 100),eq,0.18,744.5,558.28,747.46,665.59,15.7,20.5,-35.1,30.3,,0.42,65.0,2026-09-25
VEA,Vanguard FTSE Developed Markets Index Fund ETF Shares,International developed,eq,0.03,71.84,58.9,73.79,68.61,10.0,15.8,-29.3,16.7,,2.49,48.0,2026-09-25
VUG,Vanguard Morningstar Growth ETF,US large growth,eq,0.03,90.94,70.0,91.12,82.99,13.2,19.7,-35.6,31.0,,0.38,64.0,2026-09-25
IEFA,iShares Core MSCI EAFE ETF,International developed,eq,0.07,98.46,85.06,101.41,95.52,8.7,15.3,-30.0,17.9,,3.29,47.0,2026-09-25
VTV,Vanguard Morningstar Value ETF,US large value,eq,0.03,220.81,182.87,227.51,209.0,12.3,12.3,-17.0,20.0,,1.82,42.0,2026-09-25
SPYM,State Street SPDR Portfolio S&P 500 ETF,US large cap blend,eq,0.02,90.8,74.38,91.56,84.54,13.3,14.9,-24.5,24.9,,1.01,56.0,2026-09-25
VXUS,Vanguard Total International Stock Index Fund ETF Shares,International total,eq,0.05,86.35,72.17,88.41,82.44,9.2,15.4,-28.9,16.5,,2.51,49.0,2026-09-25
IEMG,iShares Core MSCI Emerging Markets ETF,Emerging markets,eq,0.09,82.55,64.22,86.0,76.58,8.8,19.4,-32.7,14.5,,2.2,54.0,2026-09-25
BND,Vanguard Total Bond Market Index Fund ETF Shares,Bonds: core,bond,0.03,70.63,70.45,75.17,73.32,-0.6,5.2,-17.4,,,4.04,32.0,2026-09-25
VGT,Vanguard Information Technology Index Fund ETF Shares,Sector: tech,eq,0.09,126.17,83.59,126.41,105.76,20.1,24.6,-35.1,33.7,,0.36,65.0,2026-09-25
GLD,SPDR Gold Shares,Gold,gold,0.4,393.41,344.75,495.9,416.44,19.2,21.4,-26.4,,,0.0,45.0,2026-09-25
AGG,iShares Core U.S. Aggregate Bond ETF,Bonds: core,bond,0.03,95.12,94.95,101.4,98.86,-0.6,5.3,-17.3,,,4.05,31.0,2026-09-25
IWF,iShares Russell 1000 Growth ETF,US large growth,eq,0.18,126.25,102.73,128.77,118.75,12.8,19.6,-32.7,30.4,,0.35,61.0,2026-09-25
VWO,Vanguard FTSE Emerging Markets Index Fund ETF Shares,Emerging markets,eq,0.06,60.16,52.42,61.44,57.82,6.6,16.5,-30.2,15.8,,2.29,50.0,2026-09-25
XLK,State Street Technology Select Sector SPDR ETF,Sector: tech,eq,0.08,196.27,127.5,198.21,163.68,21.3,25.1,-33.6,34.7,,0.43,65.0,2026-09-25
IJH,iShares Core S&P Mid-Cap ETF,US mid cap,eq,0.05,72.99,62.26,78.67,72.32,7.6,17.9,-24.1,20.1,,1.18,37.0,2026-09-25
SGOV,iShares 0-3 Month Treasury Bond ETF,Bonds: T-bills,bond,0.09,100.66,100.28,100.72,100.53,3.8,0.2,-0.0,,,3.74,66.0,2026-09-25
VIG,Vanguard Dividend Appreciation Index Fund ETF Shares,US dividend growth,eq,0.04,237.58,210.7,246.61,230.23,10.5,12.2,-20.4,24.9,,1.48,44.0,2026-09-25
SCHD,Schwab U.S. Dividend Equity ETF,US dividend income,eq,0.06,33.21,26.44,35.21,31.59,9.4,13.2,-16.8,18.3,,3.0,34.0,2026-09-25
QQQM,Invesco NASDAQ 100 ETF,US growth (Nasdaq 100),eq,0.15,306.54,229.87,307.78,274.04,15.8,20.3,-35.0,30.3,,0.44,65.0,2026-09-25
VO,Vanguard Morningstar Mid-Cap ETF,US mid cap,eq,0.03,79.99,69.51,84.46,77.41,7.1,14.7,-27.6,21.6,,1.3,41.0,2026-09-25
IJR,iShares Core S&P Small-Cap ETF,US small cap,eq,0.06,138.29,112.05,150.44,135.37,5.9,20.1,-28.0,17.3,,1.14,32.0,2026-09-25
RSP,Invesco S&P 500 Equal Weight ETF,US equal weight,eq,0.2,211.11,182.18,222.77,205.34,8.3,14.0,-21.4,20.6,,1.46,36.0,2026-09-25
ITOT,iShares Core S&P Total U.S. Stock Market ETF,US total market,eq,0.03,168.24,138.31,170.7,157.24,12.2,15.4,-25.4,24.3,,0.98,54.0,2026-09-25
BNDX,Vanguard Total International Bond Index Fund ETF Shares,Bonds: international,bond,0.07,46.94,46.87,49.91,48.13,-0.1,3.9,-15.2,,,4.58,38.0,2026-09-25
IWD,iShares Russell 1000 Value ETF,US large value,eq,0.18,251.93,199.44,259.38,233.04,11.6,13.1,-19.0,20.8,,1.36,44.0,2026-09-25
VT,Vanguard Total World Stock Index Fund ETF Shares,Global stocks,eq,0.06,160.03,134.19,162.39,150.85,11.0,14.5,-26.4,20.7,,1.55,52.0,2026-09-25
VYM,Vanguard High Dividend Yield Index Fund ETF Shares,US dividend income,eq,0.04,157.68,137.47,167.03,155.44,11.5,12.5,-15.8,19.8,,2.22,32.0,2026-09-25
VB,Vanguard Morningstar Small-Cap ETF,US small cap,eq,0.03,289.7,241.32,309.29,283.31,6.6,18.8,-28.2,19.5,,1.21,39.0,2026-09-25
IVW,iShares S&P 500 Growth ETF,US large growth,eq,0.18,143.28,108.71,143.56,129.71,14.1,19.6,-32.7,27.6,,0.36,62.0,2026-09-25
EFA,iShares MSCI EAFE ETF,International developed,eq,0.32,105.56,91.24,108.81,102.4,9.0,15.3,-29.3,18.3,,3.14,47.0,2026-09-25
IWM,iShares Russell 2000 ETF,US small cap,eq,0.19,281.97,229.11,305.09,275.68,5.8,21.1,-31.9,16.6,,0.9,35.0,2026-09-25
SCHX,Schwab U.S. Large-Cap ETF,US large cap blend,eq,0.03,30.37,24.92,30.71,28.33,12.7,15.1,-25.4,25.1,,1.0,55.0,2026-09-25
SMH,VanEck Semiconductor ETF,Sector: semiconductors,eq,0.35,606.56,321.06,668.91,493.28,35.8,37.0,-45.3,41.4,,0.2,63.0,2026-09-25
VEU,Vanguard FTSE All-World ex-US Index Fund ETF Shares,International total,eq,0.04,84.38,70.2,86.41,80.49,9.5,15.4,-28.5,16.6,,2.48,49.0,2026-09-25
SCHF,Schwab International Equity ETF,International developed,eq,0.03,27.92,22.94,28.59,26.52,10.4,15.8,-28.8,18.0,,2.98,49.0,2026-09-25
VCIT,Vanguard Intermediate-Term Corporate Bond Index Fund ETF Shares,Bonds: corporate,bond,0.03,78.84,78.7,84.82,82.55,0.4,5.4,-19.7,,,4.89,30.0,2026-09-25
IBIT,iShares Bitcoin Trust ETF,Crypto: bitcoin,eq,0.25,47.57,33.29,71.29,42.02,,49.2,-53.3,,,0.0,64.0,2026-09-25
SCHG,Schwab U.S. Large-Cap Growth ETF,US large growth,eq,0.04,36.26,28.1,36.32,33.05,14.1,19.4,-34.6,29.9,,0.37,62.0,2026-09-25
IAU,iShares Gold Trust,Gold,gold,0.25,80.66,70.58,101.57,85.32,19.4,21.3,-26.4,,,0.0,45.0,2026-09-25
IXUS,iShares Core MSCI Total International Stock ETF,International total,eq,0.07,96.7,81.1,98.71,92.35,9.2,15.6,-29.4,16.7,,2.88,50.0,2026-09-25
SPYG,State Street SPDR Portfolio S&P 500 Growth ETF,US large growth,eq,0.04,124.06,94.07,124.24,112.31,14.3,19.6,-32.7,27.6,,0.48,62.0,2026-09-25
IWR,iShares Russell Mid-Cap ETF,US mid cap,eq,0.18,108.3,91.69,114.82,104.65,7.5,15.9,-26.2,19.9,,1.13,40.0,2026-09-25
VV,Vanguard Morningstar Large-Cap ETF,US large cap blend,eq,0.03,356.76,290.26,358.35,330.83,13.0,15.3,-25.7,25.2,,0.99,58.0,2026-09-25
XLF,State Street Financial Select Sector SPDR ETF,Sector: financials,eq,0.08,54.84,47.81,58.56,53.73,9.1,16.2,-25.8,15.6,,1.4,33.0,2026-09-25
IVE,iShares S&P 500 Value ETF,US large value,eq,0.18,232.04,202.52,238.45,223.61,11.3,12.4,-18.0,22.2,,1.5,43.0,2026-09-25
IWB,iShares Russell 1000 ETF,US large cap blend,eq,0.15,421.23,346.67,426.04,393.21,12.5,15.1,-25.2,24.5,,0.9,55.0,2026-09-25
DFAC,Dimensional U.S. Core Equity 2 ETF,US core equity (factor),eq,0.17,45.07,37.51,46.22,42.47,11.8,15.1,-23.1,21.6,,0.89,49.0,2026-09-25
SOXX,iShares Semiconductor ETF,Sector: semiconductors,eq,0.33,572.68,268.1,655.01,448.55,30.5,39.7,-45.8,42.1,,0.29,64.0,2026-09-25
BIL,State Street SPDR Bloomberg 1-3 Month T-Bill ETF,Bonds: T-bills,bond,0.14,91.62,91.27,91.76,91.51,3.7,0.2,-0.1,,,3.76,64.0,2026-09-25
QUAL,iShares MSCI USA Quality Factor ETF,US quality factor,eq,0.15,223.59,186.49,227.18,209.54,11.8,14.5,-28.2,26.9,,0.85,57.0,2026-09-25
IUSB,iShares Core Universal USD Bond ETF,Bonds: core,bond,0.06,44.4,44.32,47.2,46.08,-0.2,5.0,-17.4,10.5,,4.29,31.0,2026-09-25
VONG,Vanguard Russell 1000 Growth Index Fund ETF Shares,US large growth,eq,0.06,129.95,105.72,132.52,122.25,13.0,19.6,-32.7,30.3,,0.46,61.0,2026-09-25
VTEB,Vanguard Tax-Exempt Bond Index Fund ETF Shares,Bonds: municipal,bond,0.03,47.48,47.48,51.15,50.07,-0.1,4.0,-12.3,,,3.44,16.0,2026-09-25
BSV,Vanguard Short-Term Bond Index Fund ETF Shares,Bonds: short-term,bond,0.03,76.5,76.35,79.27,78.11,1.5,2.3,-8.2,,,4.03,32.0,2026-09-25
MUB,iShares National Muni Bond ETF,Bonds: municipal,bond,0.05,101.17,101.17,108.92,106.58,-0.1,4.1,-11.6,,,3.25,17.0,2026-09-25
JEPI,JPMorgan Equity Premium Income ETF,Covered-call income,eq,0.35,56.76,55.29,59.88,57.27,7.5,10.1,-13.7,25.2,,7.97,48.0,2026-09-25
TLT,iShares 20+ Year Treasury Bond ETF,Bonds: long Treasury,bond,0.15,79.32,79.32,92.06,85.67,-8.4,13.5,-43.7,,,4.73,32.0,2026-09-25
DIA,State Street SPDR Dow Jones Industrial Average ETF Trust,US large cap (Dow 30),eq,0.16,517.49,451.39,542.81,502.02,10.1,13.7,-20.8,21.0,,1.38,43.0,2026-09-25
SCHB,Schwab U.S. Broad Market ETF,US total market,eq,0.03,29.67,24.39,30.09,27.74,12.2,15.2,-25.4,24.7,,1.02,54.0,2026-09-25
VCSH,Vanguard Short-Term Corporate Bond Index Fund ETF Shares,Bonds: short corporate,bond,0.03,77.4,77.29,80.2,79.09,2.2,2.4,-9.3,,,4.47,31.0,2026-09-25
JEPQ,JPMorgan Nasdaq Equity Premium Income ETF,Covered-call income,eq,0.35,61.24,53.77,61.46,58.89,,15.7,-20.1,29.6,,10.84,64.0,2026-09-25
XLV,State Street Health Care Select Sector SPDR ETF,Sector: health,eq,0.08,170.7,134.13,175.68,156.32,7.3,14.8,-17.1,30.5,,1.49,56.0,2026-09-25
DGRO,iShares Core Dividend Growth ETF,US dividend growth,eq,0.08,76.57,66.93,80.04,74.17,10.8,11.8,-19.3,21.9,,1.87,37.0,2026-09-25
DYNF,iShares U.S. Equity Factor Rotation Active ETF,US factor rotation (active),eq,0.26,70.04,56.43,70.37,64.48,15.6,15.8,-27.0,23.0,,0.78,56.0,2026-09-25
JPST,JPMorgan Ultra-Short Income ETF,Bonds: ultra-short,bond,0.18,50.37,50.33,50.78,50.54,3.8,0.6,-0.8,,,4.19,44.0,2026-09-25
IEF,iShares 7-10 Year Treasury Bond ETF,Bonds: intermediate Treasury,bond,0.15,90.0,89.69,97.99,94.65,-1.9,6.4,-20.4,,,3.97,31.0,2026-09-25
GOVT,iShares U.S. Treasury Bond ETF,Bonds: Treasury (all maturities),bond,0.05,21.98,21.95,23.37,22.77,-1.0,5.2,-16.2,,,3.65,31.0,2026-09-25
SPDW,State Street SPDR Portfolio Developed World ex-US ETF,International developed,eq,0.03,51.07,42.01,52.31,48.76,9.9,15.7,-29.9,16.8,,2.92,49.0,2026-09-25
XLE,State Street Energy Select Sector SPDR ETF,Sector: energy,eq,0.08,62.04,42.61,65.93,56.14,23.0,21.9,-26.0,17.2,,2.37,45.0,2026-09-25
VGIT,Vanguard Intermediate-Term Treasury Index Fund ETF Shares,Bonds: intermediate Treasury,bond,0.03,56.9,56.71,60.73,59.12,-0.4,4.4,-13.9,,,3.9,32.0,2026-09-25
TQQQ,ProShares UltraPro QQQ,Leveraged (3x Nasdaq 100),eq,0.82,79.6,37.89,87.22,62.97,19.4,60.8,-81.7,32.3,,0.52,63.0,2026-09-25
CGDV,Capital Group Dividend Value ETF,US dividend income,eq,0.33,49.46,41.33,51.44,46.8,18.2,13.8,-21.8,24.7,,1.17,49.0,2026-09-25
MBB,iShares MBS ETF,Bonds: mortgage-backed,bond,0.04,90.34,89.86,96.91,94.4,-0.3,6.1,-16.9,,,4.34,33.0,2026-09-25
VNQ,Vanguard Real Estate Index Fund ETF Shares,Real estate,reit,0.13,90.99,87.0,100.95,94.35,1.3,16.8,-34.5,28.5,,3.6,27.0,2026-09-25
SPYV,State Street SPDR Portfolio S&P 500 Value ETF,US large value,eq,0.04,62.14,54.27,63.87,59.91,11.5,12.4,-17.9,22.2,,1.65,42.0,2026-09-25
VBR,Vanguard Morningstar Small-Cap Value ETF,US small value,eq,0.05,236.51,198.88,251.66,232.08,8.5,17.7,-24.2,16.1,,1.76,35.0,2026-09-25
VGSH,Vanguard Short-Term Treasury Index Fund ETF Shares,Bonds: short Treasury,bond,0.03,57.59,57.49,59.0,58.35,1.8,1.6,-5.5,,,3.82,36.0,2026-09-25
MGK,Vanguard Morningstar Mega Cap Growth ETF,US large growth,eq,0.05,93.37,70.7,93.52,84.18,14.4,20.3,-36.0,31.2,,0.33,66.0,2026-09-25
IUSG,iShares Core S&P U.S. Growth ETF,US large growth,eq,0.04,195.14,149.1,195.55,177.35,13.9,19.3,-32.2,27.5,,0.48,61.0,2026-09-25
ACWI,iShares MSCI ACWI ETF,Global stocks,eq,0.32,161.05,134.19,162.48,150.98,11.3,14.6,-26.4,21.4,,1.4,54.0,2026-09-25
IDEV,iShares Core MSCI International Developed Markets ETF,International developed,eq,0.04,90.85,78.12,93.83,88.14,9.1,14.9,-29.2,18.0,,3.11,46.0,2026-09-25
SLV,iShares Silver Trust,Silver,gold,0.5,58.14,41.03,105.6,65.96,22.7,42.7,-52.3,,,0.0,48.0,2026-09-25
EEM,iShares MSCI Emerging Markets ETF,Emerging markets,eq,0.72,67.98,51.94,71.21,62.68,8.4,19.9,-33.9,14.5,,1.66,54.0,2026-09-25
JAAA,Janus Henderson AAA CLO ETF,Bonds: AAA CLO,bond,0.2,50.7,50.37,50.82,50.6,4.9,1.2,-2.6,,,5.34,66.0,2026-09-25
GLDM,SPDR Gold MiniShares,Gold,gold,0.1,84.89,74.17,106.77,89.74,19.5,21.3,-26.3,,,0.0,45.0,2026-09-25
EFV,iShares MSCI EAFE Value ETF,International value,eq,0.31,80.87,66.73,83.08,77.22,14.3,14.5,-25.8,14.7,,4.47,47.0,2026-09-25
AVUV,Avantis US Small Cap Value ETF,US small value,eq,0.25,120.41,93.93,128.74,117.0,11.0,20.6,-28.8,12.0,,1.25,30.0,2026-09-25
VXF,Vanguard Extended Market Index Fund ETF Shares,US small cap,eq,0.05,235.15,196.46,250.6,226.81,5.8,20.1,-36.4,19.3,,1.01,42.0,2026-09-25
XLI,State Street Industrial Select Sector SPDR ETF,Sector: industrials,eq,0.08,170.43,147.83,186.51,172.03,12.7,16.7,-21.6,27.7,,1.18,40.0,2026-09-25
VGK,Vanguard FTSE Europe ETF,Europe,eq,0.06,88.63,77.9,93.19,87.52,9.0,15.6,-32.6,17.3,,2.81,42.0,2026-09-25
AVEM,Avantis Emerging Markets Equity ETF,Emerging markets,eq,0.33,95.23,73.09,100.18,88.38,11.1,19.7,-30.6,12.9,,1.86,53.0,2026-09-25
BIV,Vanguard Intermediate-Term Bond Index Fund ETF Shares,Bonds: intermediate,bond,0.03,73.34,73.14,79.03,76.74,-0.5,5.4,-17.5,,,4.32,30.0,2026-09-25
FBND,Fidelity Total Bond ETF,Bonds: core,bond,0.36,43.82,43.72,46.85,45.58,0.1,5.3,-16.9,8.7,,4.73,31.0,2026-09-25
GDX,VanEck Gold Miners ETF,Gold miners,eq,0.51,92.87,68.28,115.84,91.0,27.4,39.9,-46.5,11.9,,0.64,47.0,2026-09-25
VOOG,Vanguard S&P 500 Growth Index Fund ETF Shares,US large growth,eq,0.07,86.14,65.32,86.37,77.98,14.2,19.6,-32.7,27.6,,0.45,61.0,2026-09-25
