Symbol,Category,Class,PE_10y_Avg
ONEQ,US growth,eq,
FBCG,US growth,eq,
FQAL,US quality,eq,
FVAL,US value,eq,
FDLO,US defensive,eq,
FDVV,US dividend,eq,
FTEC,Sector: tech,eq,
FHLC,Sector: health,eq,
FNCL,Sector: financials,eq,
FENY,Sector: energy,eq,
FUTY,Sector: utilities,eq,
FDIS,Sector: consumer discretionary,eq,
FSTA,Sector: consumer staples,eq,
FIDU,Sector: industrials,eq,
FMAT,Sector: materials,eq,
FCOM,Sector: communication,eq,
FREL,Real estate,reit,
FIVA,International,eq,
FBND,Bonds: core,bond,
FIGB,Bonds: investment grade,bond,
